Workbook

Sheet UI
B2: Quality | C2: Item | D2: Category | E2: Points | F2: CatPtText | G2: sell price | H2: base price | I2: sell idx | J2: Index | K2: qual. pts | L2: perk mul. | M2: angler | N2: artisan | O2: bearsknowledge | P2: blacksmith | Q2: fisher | R2: forester | S2: gemologist | T2: rancher | U2: springonionmastery | V2: tapper | W2: tiller | X2: uniq cat
A3: 1 | B3: Regular | D3: {=_xlfn.IFNA(INDEX(Data!$D:$D,UI!$J3,1),"")} -> [None] | E3: {=_xlfn.IFNA(INDEX($K$19:$O$23,I3,K3+1)+K3+1,0)} -> 0 | F3: =IF(D3<>"",(D3&", "&E3&"pts."),"") -> [None], 0pts. | G3: =_xlfn.IFNA(H3*(1+K3*0.25),0) -> 0 | H3: {=_xlfn.IFNA(INDEX(Data!$C:$C,UI!$J3,1),0)} -> 0 | I3: =MATCH(G3,$J$19:$J$23,1) -> #N/A | J3: =_xlfn.IFNA(MATCH(UI!$C3,Data!$B:$B,0),2) -> 2 | K3: =_xlfn.IFNA(INDEX($H$20:$H$23,MATCH($B3,$G$20:$G$23,0)),0) -> 0 | L3: =PRODUCT(M3,N3,O3,P3,Q3,R3,S3,T3,U3,V3,W3) -> 1 | M3: {=IF(M$13,INDEX(Data!E:E,UI!$J3,1),1)} -> 1 | N3: {=IF(N$13,INDEX(Data!F:F,UI!$J3,1),1)} -> 1 | O3: {=IF(O$13,INDEX(Data!G:G,UI!$J3,1),1)} -> 1 | P3: {=IF(P$13,INDEX(Data!H:H,UI!$J3,1),1)} -> 1 | Q3: {=IF(Q$13,INDEX(Data!I:I,UI!$J3,1),1)} -> 1 | R3: {=IF(R$13,INDEX(Data!J:J,UI!$J3,1),1)} -> 1 | S3: {=IF(S$13,INDEX(Data!K:K,UI!$J3,1),1)} -> 1 | T3: {=IF(T$13,INDEX(Data!L:L,UI!$J3,1),1)} -> 1 | U3: {=IF(U$13,INDEX(Data!M:M,UI!$J3,1),1)} -> 1 | V3: {=IF(R$14,INDEX(Data!N:N,UI!$J3,1),1)} -> 1 | W3: {=IF(W$13,INDEX(Data!O:O,UI!$J3,1),1)} -> 1 | X3: =(_xlfn.IFNA(MATCH(D3,D$3:D$11,0),"")=A3)*1 -> 1
A4: 2 | B4: Regular | D4: {=_xlfn.IFNA(INDEX(Data!$D:$D,UI!$J4,1),"")} -> [None] | E4: {=_xlfn.IFNA(INDEX($K$19:$O$23,I4,K4+1)+K4+1,0)} -> 0 | F4: =IF(D4<>"",(D4&", "&E4&"pts."),"") -> [None], 0pts. | G4: =_xlfn.IFNA(H4*(1+K4*0.25),0) -> 0 | H4: {=_xlfn.IFNA(INDEX(Data!$C:$C,UI!$J4,1),0)} -> 0 | I4: =MATCH(G4,$J$19:$J$23,1) -> #N/A | J4: =_xlfn.IFNA(MATCH(UI!$C4,Data!$B:$B,0),2) -> 2 | K4: =_xlfn.IFNA(INDEX($H$20:$H$23,MATCH($B4,$G$20:$G$23,0)),0) -> 0 | L4: =PRODUCT(M4,N4,O4,P4,Q4,R4,S4,T4,U4,V4,W4) -> 1 | M4: {=IF(M$13,INDEX(Data!E:E,UI!$J4,1),1)} -> 1 | N4: {=IF(N$13,INDEX(Data!F:F,UI!$J4,1),1)} -> 1 | O4: {=IF(O$13,INDEX(Data!G:G,UI!$J4,1),1)} -> 1 | P4: {=IF(P$13,INDEX(Data!H:H,UI!$J4,1),1)} -> 1 | Q4: {=IF(Q$13,INDEX(Data!I:I,UI!$J4,1),1)} -> 1 | R4: {=IF(R$13,INDEX(Data!J:J,UI!$J4,1),1)} -> 1 | S4: {=IF(S$13,INDEX(Data!K:K,UI!$J4,1),1)} -> 1 | T4: {=IF(T$13,INDEX(Data!L:L,UI!$J4,1),1)} -> 1 | U4: {=IF(U$13,INDEX(Data!M:M,UI!$J4,1),1)} -> 1 | V4: {=IF(R$14,INDEX(Data!N:N,UI!$J4,1),1)} -> 1 | W4: {=IF(W$13,INDEX(Data!O:O,UI!$J4,1),1)} -> 1 | X4: =(_xlfn.IFNA(MATCH(D4,D$3:D$11,0),"")=A4)*1 -> 0
A5: 3 | B5: Regular | D5: {=_xlfn.IFNA(INDEX(Data!$D:$D,UI!$J5,1),"")} -> [None] | E5: {=_xlfn.IFNA(INDEX($K$19:$O$23,I5,K5+1)+K5+1,0)} -> 0 | F5: =IF(D5<>"",(D5&", "&E5&"pts."),"") -> [None], 0pts. | G5: =_xlfn.IFNA(H5*(1+K5*0.25),0) -> 0 | H5: {=_xlfn.IFNA(INDEX(Data!$C:$C,UI!$J5,1),0)} -> 0 | I5: =MATCH(G5,$J$19:$J$23,1) -> #N/A | J5: =_xlfn.IFNA(MATCH(UI!$C5,Data!$B:$B,0),2) -> 2 | K5: =_xlfn.IFNA(INDEX($H$20:$H$23,MATCH($B5,$G$20:$G$23,0)),0) -> 0 | L5: =PRODUCT(M5,N5,O5,P5,Q5,R5,S5,T5,U5,V5,W5) -> 1 | M5: {=IF(M$13,INDEX(Data!E:E,UI!$J5,1),1)} -> 1 | N5: {=IF(N$13,INDEX(Data!F:F,UI!$J5,1),1)} -> 1 | O5: {=IF(O$13,INDEX(Data!G:G,UI!$J5,1),1)} -> 1 | P5: {=IF(P$13,INDEX(Data!H:H,UI!$J5,1),1)} -> 1 | Q5: {=IF(Q$13,INDEX(Data!I:I,UI!$J5,1),1)} -> 1 | R5: {=IF(R$13,INDEX(Data!J:J,UI!$J5,1),1)} -> 1 | S5: {=IF(S$13,INDEX(Data!K:K,UI!$J5,1),1)} -> 1 | T5: {=IF(T$13,INDEX(Data!L:L,UI!$J5,1),1)} -> 1 | U5: {=IF(U$13,INDEX(Data!M:M,UI!$J5,1),1)} -> 1 | V5: {=IF(R$14,INDEX(Data!N:N,UI!$J5,1),1)} -> 1 | W5: {=IF(W$13,INDEX(Data!O:O,UI!$J5,1),1)} -> 1 | X5: =(_xlfn.IFNA(MATCH(D5,D$3:D$11,0),"")=A5)*1 -> 0
A6: 4 | B6: Regular | D6: {=_xlfn.IFNA(INDEX(Data!$D:$D,UI!$J6,1),"")} -> [None] | E6: {=_xlfn.IFNA(INDEX($K$19:$O$23,I6,K6+1)+K6+1,0)} -> 0 | F6: =IF(D6<>"",(D6&", "&E6&"pts."),"") -> [None], 0pts. | G6: =_xlfn.IFNA(H6*(1+K6*0.25),0) -> 0 | H6: {=_xlfn.IFNA(INDEX(Data!$C:$C,UI!$J6,1),0)} -> 0 | I6: =MATCH(G6,$J$19:$J$23,1) -> #N/A | J6: =_xlfn.IFNA(MATCH(UI!$C6,Data!$B:$B,0),2) -> 2 | K6: =_xlfn.IFNA(INDEX($H$20:$H$23,MATCH($B6,$G$20:$G$23,0)),0) -> 0 | L6: =PRODUCT(M6,N6,O6,P6,Q6,R6,S6,T6,U6,V6,W6) -> 1 | M6: {=IF(M$13,INDEX(Data!E:E,UI!$J6,1),1)} -> 1 | N6: {=IF(N$13,INDEX(Data!F:F,UI!$J6,1),1)} -> 1 | O6: {=IF(O$13,INDEX(Data!G:G,UI!$J6,1),1)} -> 1 | P6: {=IF(P$13,INDEX(Data!H:H,UI!$J6,1),1)} -> 1 | Q6: {=IF(Q$13,INDEX(Data!I:I,UI!$J6,1),1)} -> 1 | R6: {=IF(R$13,INDEX(Data!J:J,UI!$J6,1),1)} -> 1 | S6: {=IF(S$13,INDEX(Data!K:K,UI!$J6,1),1)} -> 1 | T6: {=IF(T$13,INDEX(Data!L:L,UI!$J6,1),1)} -> 1 | U6: {=IF(U$13,INDEX(Data!M:M,UI!$J6,1),1)} -> 1 | V6: {=IF(R$14,INDEX(Data!N:N,UI!$J6,1),1)} -> 1 | W6: {=IF(W$13,INDEX(Data!O:O,UI!$J6,1),1)} -> 1 | X6: =(_xlfn.IFNA(MATCH(D6,D$3:D$11,0),"")=A6)*1 -> 0
A7: 5 | B7: Regular | D7: {=_xlfn.IFNA(INDEX(Data!$D:$D,UI!$J7,1),"")} -> [None] | E7: {=_xlfn.IFNA(INDEX($K$19:$O$23,I7,K7+1)+K7+1,0)} -> 0 | F7: =IF(D7<>"",(D7&", "&E7&"pts."),"") -> [None], 0pts. | G7: =_xlfn.IFNA(H7*(1+K7*0.25),0) -> 0 | H7: {=_xlfn.IFNA(INDEX(Data!$C:$C,UI!$J7,1),0)} -> 0 | I7: =MATCH(G7,$J$19:$J$23,1) -> #N/A | J7: =_xlfn.IFNA(MATCH(UI!$C7,Data!$B:$B,0),2) -> 2 | K7: =_xlfn.IFNA(INDEX($H$20:$H$23,MATCH($B7,$G$20:$G$23,0)),0) -> 0 | L7: =PRODUCT(M7,N7,O7,P7,Q7,R7,S7,T7,U7,V7,W7) -> 1 | M7: {=IF(M$13,INDEX(Data!E:E,UI!$J7,1),1)} -> 1 | N7: {=IF(N$13,INDEX(Data!F:F,UI!$J7,1),1)} -> 1 | O7: {=IF(O$13,INDEX(Data!G:G,UI!$J7,1),1)} -> 1 | P7: {=IF(P$13,INDEX(Data!H:H,UI!$J7,1),1)} -> 1 | Q7: {=IF(Q$13,INDEX(Data!I:I,UI!$J7,1),1)} -> 1 | R7: {=IF(R$13,INDEX(Data!J:J,UI!$J7,1),1)} -> 1 | S7: {=IF(S$13,INDEX(Data!K:K,UI!$J7,1),1)} -> 1 | T7: {=IF(T$13,INDEX(Data!L:L,UI!$J7,1),1)} -> 1 | U7: {=IF(U$13,INDEX(Data!M:M,UI!$J7,1),1)} -> 1 | V7: {=IF(R$14,INDEX(Data!N:N,UI!$J7,1),1)} -> 1 | W7: {=IF(W$13,INDEX(Data!O:O,UI!$J7,1),1)} -> 1 | X7: =(_xlfn.IFNA(MATCH(D7,D$3:D$11,0),"")=A7)*1 -> 0
A8: 6 | B8: Regular | D8: {=_xlfn.IFNA(INDEX(Data!$D:$D,UI!$J8,1),"")} -> [None] | E8: {=_xlfn.IFNA(INDEX($K$19:$O$23,I8,K8+1)+K8+1,0)} -> 0 | F8: =IF(D8<>"",(D8&", "&E8&"pts."),"") -> [None], 0pts. | G8: =_xlfn.IFNA(H8*(1+K8*0.25),0) -> 0 | H8: {=_xlfn.IFNA(INDEX(Data!$C:$C,UI!$J8,1),0)} -> 0 | I8: =MATCH(G8,$J$19:$J$23,1) -> #N/A | J8: =_xlfn.IFNA(MATCH(UI!$C8,Data!$B:$B,0),2) -> 2 | K8: =_xlfn.IFNA(INDEX($H$20:$H$23,MATCH($B8,$G$20:$G$23,0)),0) -> 0 | L8: =PRODUCT(M8,N8,O8,P8,Q8,R8,S8,T8,U8,V8,W8) -> 1 | M8: {=IF(M$13,INDEX(Data!E:E,UI!$J8,1),1)} -> 1 | N8: {=IF(N$13,INDEX(Data!F:F,UI!$J8,1),1)} -> 1 | O8: {=IF(O$13,INDEX(Data!G:G,UI!$J8,1),1)} -> 1 | P8: {=IF(P$13,INDEX(Data!H:H,UI!$J8,1),1)} -> 1 | Q8: {=IF(Q$13,INDEX(Data!I:I,UI!$J8,1),1)} -> 1 | R8: {=IF(R$13,INDEX(Data!J:J,UI!$J8,1),1)} -> 1 | S8: {=IF(S$13,INDEX(Data!K:K,UI!$J8,1),1)} -> 1 | T8: {=IF(T$13,INDEX(Data!L:L,UI!$J8,1),1)} -> 1 | U8: {=IF(U$13,INDEX(Data!M:M,UI!$J8,1),1)} -> 1 | V8: {=IF(R$14,INDEX(Data!N:N,UI!$J8,1),1)} -> 1 | W8: {=IF(W$13,INDEX(Data!O:O,UI!$J8,1),1)} -> 1 | X8: =(_xlfn.IFNA(MATCH(D8,D$3:D$11,0),"")=A8)*1 -> 0
A9: 7 | B9: Regular | D9: {=_xlfn.IFNA(INDEX(Data!$D:$D,UI!$J9,1),"")} -> [None] | E9: {=_xlfn.IFNA(INDEX($K$19:$O$23,I9,K9+1)+K9+1,0)} -> 0 | F9: =IF(D9<>"",(D9&", "&E9&"pts."),"") -> [None], 0pts. | G9: =_xlfn.IFNA(H9*(1+K9*0.25),0) -> 0 | H9: {=_xlfn.IFNA(INDEX(Data!$C:$C,UI!$J9,1),0)} -> 0 | I9: =MATCH(G9,$J$19:$J$23,1) -> #N/A | J9: =_xlfn.IFNA(MATCH(UI!$C9,Data!$B:$B,0),2) -> 2 | K9: =_xlfn.IFNA(INDEX($H$20:$H$23,MATCH($B9,$G$20:$G$23,0)),0) -> 0 | L9: =PRODUCT(M9,N9,O9,P9,Q9,R9,S9,T9,U9,V9,W9) -> 1 | M9: {=IF(M$13,INDEX(Data!E:E,UI!$J9,1),1)} -> 1 | N9: {=IF(N$13,INDEX(Data!F:F,UI!$J9,1),1)} -> 1 | O9: {=IF(O$13,INDEX(Data!G:G,UI!$J9,1),1)} -> 1 | P9: {=IF(P$13,INDEX(Data!H:H,UI!$J9,1),1)} -> 1 | Q9: {=IF(Q$13,INDEX(Data!I:I,UI!$J9,1),1)} -> 1 | R9: {=IF(R$13,INDEX(Data!J:J,UI!$J9,1),1)} -> 1 | S9: {=IF(S$13,INDEX(Data!K:K,UI!$J9,1),1)} -> 1 | T9: {=IF(T$13,INDEX(Data!L:L,UI!$J9,1),1)} -> 1 | U9: {=IF(U$13,INDEX(Data!M:M,UI!$J9,1),1)} -> 1 | V9: {=IF(R$14,INDEX(Data!N:N,UI!$J9,1),1)} -> 1 | W9: {=IF(W$13,INDEX(Data!O:O,UI!$J9,1),1)} -> 1 | X9: =(_xlfn.IFNA(MATCH(D9,D$3:D$11,0),"")=A9)*1 -> 0
A10: 8 | B10: Regular | D10: {=_xlfn.IFNA(INDEX(Data!$D:$D,UI!$J10,1),"")} -> [None] | E10: {=_xlfn.IFNA(INDEX($K$19:$O$23,I10,K10+1)+K10+1,0)} -> 0 | F10: =IF(D10<>"",(D10&", "&E10&"pts."),"") -> [None], 0pts. | G10: =_xlfn.IFNA(H10*(1+K10*0.25),0) -> 0 | H10: {=_xlfn.IFNA(INDEX(Data!$C:$C,UI!$J10,1),0)} -> 0 | I10: =MATCH(G10,$J$19:$J$23,1) -> #N/A | J10: =_xlfn.IFNA(MATCH(UI!$C10,Data!$B:$B,0),2) -> 2 | K10: =_xlfn.IFNA(INDEX($H$20:$H$23,MATCH($B10,$G$20:$G$23,0)),0) -> 0 | L10: =PRODUCT(M10,N10,O10,P10,Q10,R10,S10,T10,U10,V10,W10) -> 1 | M10: {=IF(M$13,INDEX(Data!E:E,UI!$J10,1),1)} -> 1 | N10: {=IF(N$13,INDEX(Data!F:F,UI!$J10,1),1)} -> 1 | O10: {=IF(O$13,INDEX(Data!G:G,UI!$J10,1),1)} -> 1 | P10: {=IF(P$13,INDEX(Data!H:H,UI!$J10,1),1)} -> 1 | Q10: {=IF(Q$13,INDEX(Data!I:I,UI!$J10,1),1)} -> 1 | R10: {=IF(R$13,INDEX(Data!J:J,UI!$J10,1),1)} -> 1 | S10: {=IF(S$13,INDEX(Data!K:K,UI!$J10,1),1)} -> 1 | T10: {=IF(T$13,INDEX(Data!L:L,UI!$J10,1),1)} -> 1 | U10: {=IF(U$13,INDEX(Data!M:M,UI!$J10,1),1)} -> 1 | V10: {=IF(R$14,INDEX(Data!N:N,UI!$J10,1),1)} -> 1 | W10: {=IF(W$13,INDEX(Data!O:O,UI!$J10,1),1)} -> 1 | X10: =(_xlfn.IFNA(MATCH(D10,D$3:D$11,0),"")=A10)*1 -> 0
A11: 9 | B11: Regular | D11: {=_xlfn.IFNA(INDEX(Data!$D:$D,UI!$J11,1),"")} -> [None] | E11: {=_xlfn.IFNA(INDEX($K$19:$O$23,I11,K11+1)+K11+1,0)} -> 0 | F11: =IF(D11<>"",(D11&", "&E11&"pts."),"") -> [None], 0pts. | G11: =_xlfn.IFNA(H11*(1+K11*0.25),0) -> 0 | H11: {=_xlfn.IFNA(INDEX(Data!$C:$C,UI!$J11,1),0)} -> 0 | I11: =MATCH(G11,$J$19:$J$23,1) -> #N/A | J11: =_xlfn.IFNA(MATCH(UI!$C11,Data!$B:$B,0),2) -> 2 | K11: =_xlfn.IFNA(INDEX($H$20:$H$23,MATCH($B11,$G$20:$G$23,0)),0) -> 0 | L11: =PRODUCT(M11,N11,O11,P11,Q11,R11,S11,T11,U11,V11,W11) -> 1 | M11: {=IF(M$13,INDEX(Data!E:E,UI!$J11,1),1)} -> 1 | N11: {=IF(N$13,INDEX(Data!F:F,UI!$J11,1),1)} -> 1 | O11: {=IF(O$13,INDEX(Data!G:G,UI!$J11,1),1)} -> 1 | P11: {=IF(P$13,INDEX(Data!H:H,UI!$J11,1),1)} -> 1 | Q11: {=IF(Q$13,INDEX(Data!I:I,UI!$J11,1),1)} -> 1 | R11: {=IF(R$13,INDEX(Data!J:J,UI!$J11,1),1)} -> 1 | S11: {=IF(S$13,INDEX(Data!K:K,UI!$J11,1),1)} -> 1 | T11: {=IF(T$13,INDEX(Data!L:L,UI!$J11,1),1)} -> 1 | U11: {=IF(U$13,INDEX(Data!M:M,UI!$J11,1),1)} -> 1 | V11: {=IF(R$14,INDEX(Data!N:N,UI!$J11,1),1)} -> 1 | W11: {=IF(W$13,INDEX(Data!O:O,UI!$J11,1),1)} -> 1 | X11: =(_xlfn.IFNA(MATCH(D11,D$3:D$11,0),"")=A11)*1 -> 0
D13: Item points | E13: =SUM(E3:E11) -> 0 | M13: =D23 -> FALSE | N13: =D21 -> FALSE | O13: =D28 -> FALSE | P13: =D26 -> FALSE | Q13: =OR(D22,D23) -> FALSE | R13: =OR(D25,D24) -> FALSE | S13: =D27 -> FALSE | T13: =D19 -> FALSE | U13: =D29 -> FALSE | V13: =D25 -> FALSE | W13: =OR(D21,D20) -> FALSE
D14: Category points | E14: =MIN(30,SUM(X3:X11)*5) -> 5
D15: Item count points | E15: =9-2*COUNTBLANK(C3:C11) -> -9
D16: Total | E16: =14+SUM(E13:E15) -> 10 | H16: Win: | I16: =E16>=90 -> FALSE
K18: 0 | L18: 1 | M18: 2 | N18: 3 | O18: 4
B19: Farming | C19: Rancher (Lvl 5) | D19: FALSE | J19: 20 | K19: 1 | L19: 1 | M19: 1 | N19: 1 | O19: 1
C20: Tiller (Lvl 5) | D20: FALSE | G20: Regular | H20: 0 | J20: 90 | K20: 2 | L20: 2 | M20: 2 | N20: 2 | O20: 2
C21: Artisan (Lvl 10) | D21: FALSE | G21: Silver | H21: 1 | J21: 200 | K21: 3 | L21: 3 | M21: 3 | N21: 3 | O21: 3
B22: Fishing | C22: Fisher (Lvl 5) | D22: FALSE | G22: Gold | H22: 2 | J22: 300 | K22: 4 | L22: 4 | M22: 3 | N22: 3 | O22: 3
C23: Angler (Lvl 10) | D23: FALSE | G23: Iridium | H23: 4 | J23: 400 | K23: 5 | L23: 5 | M23: 3 | N23: 3 | O23: 3
B24: Foraging | C24: Forester (Lvl 5) | D24: FALSE
C25: Tapper (Lvl 10) | D25: FALSE
B26: Mining | C26: Blacksmith (Lvl 10) | D26: FALSE
C27: Gemologist (Lvl 10) | D27: FALSE
B28: Sp. Event | C28: Bear's Knowledge | D28: FALSE
C29: Spring Onion Mastery | D29: FALSE
B31: 0 | C31: You come in fourth (50 star tokens).
B32: 60 | C32: You get third place (200 star tokens).
B33: 75 | C33: You place second (500 star tokens).
B34: 90 | C34: You win first place (1000 star tokens).
C36: =VLOOKUP(E16,B31:C34,2) -> You come in fourth (50 star tokens).
C37: =IF(E16<90,"You'll need "&(90-E16)&" more points for first place.","") -> You'll need 80 more points for first place.

Sheet Data
A1: key | B1: name | C1: price | D1: category | E1: angler | F1: artisan | G1: bearsknowledge | H1: blacksmith | I1: fisher | J1: forester | K1: gemologist | L1: rancher | M1: springonionmastery | N1: tapper | O1: tiller
A2: nil:nil | B2: [None] | C2: 0 | D2: [None] | E2: 1 | F2: 1 | G2: 1 | H2: 1 | I2: 1 | J2: 1 | K2: 1 | L2: 1 | M2: 1 | N2: 1 | O2: 1
A3: 309:000 | B3: Acorn | C3: 20 | D3: [None] | E3: 1 | F3: 1 | G3: 1 | H3: 1 | I3: 1 | J3: 1 | K3: 1 | L3: 1 | M3: 1 | N3: 1 | O3: 1
A4: 867:000 | B4: Advanced TV Remote | C4: 0 | D4: [None] | E4: 1 | F4: 1 | G4: 1 | H4: 1 | I4: 1 | J4: 1 | K4: 1 | L4: 1 | M4: 1 | N4: 1 | O4: 1
A5: 541:000 | B5: Aerinite | C5: 125 | D5: Gems & Minerals | E5: 1 | F5: 1 | G5: 1 | H5: 1 | I5: 1 | J5: 1 | K5: 1.3 | L5: 1 | M5: 1 | N5: 1 | O5: 1
A6: 447:705 | B6: Aged Albacore Roe | C6: 150 | D6: Artisan Goods | E6: 1 | F6: 1.4 | G6: 1 | H6: 1 | I6: 1 | J6: 1 | K6: 1 | L6: 1 | M6: 1 | N6: 1 | O6: 1
A7: 447:129 | B7: Aged Anchovy Roe | C7: 60 | D7: Artisan Goods | E7: 1 | F7: 1.4 | G7: 1 | H7: 1 | I7: 1 | J7: 1 | K7: 1 | L7: 1 | M7: 1 | N7: 1 | O7: 1
A8: 447:800 | B8: Aged Blobfish Roe | C8: 1000 | D8: Artisan Goods | E8: 1 | F8: 1.4 | G8: 1 | H8: 1 | I8: 1 | J8: 1 | K8: 1 | L8: 1 | M8: 1 | N8: 1 | O8: 1
A9: 447:838 | B9: Aged Blue Discus Roe | C9: 240 | D9: Artisan Goods | E9: 1 | F9: 1.4 | G9: 1 | H9: 1 | I9: 1 | J9: 1 | K9: 1 | L9: 1 | M9: 1 | N9: 1 | O9: 1
A10: 447:132 | B10: Aged Bream Roe | C10: 90 | D10: Artisan Goods | E10: 1 | F10: 1.4 | G10: 1 | H10: 1 | I10: 1 | J10: 1 | K10: 1 | L10: 1 | M10: 1 | N10: 1 | O10: 1
A11: 447:700 | B11: Aged Bullhead Roe | C11: 150 | D11: Artisan Goods | E11: 1 | F11: 1.4 | G11: 1 | H11: 1 | I11: 1 | J11: 1 | K11: 1 | L11: 1 | M11: 1 | N11: 1 | O11: 1
A12: 447:142 | B12: Aged Carp Roe | C12: 60 | D12: Artisan Goods | E12: 1 | F12: 1.4 | G12: 1 | H12: 1 | I12: 1 | J12: 1 | K12: 1 | L12: 1 | M12: 1 | N12: 1 | O12: 1
A13: 447:143 | B13: Aged Catfish Roe | C13: 400 | D13: Artisan Goods | E13: 1 | F13: 1.4 | G13: 1 | H13: 1 | I13: 1 | J13: 1 | K13: 1 | L13: 1 | M13: 1 | N13: 1 | O13: 1
... A950: 492:000 | B950: Yam Seeds | C950: 30 | D950: [None] | E950: 1 | F950: 1 | G950: 1 | H950: 1 | I950: 1 | J950: 1 | K950: 1 | L950: 1 | M950: 1 | N950: 1 | O950: 1
